invention,year,inventor,category,category2,earliest_plausible,earliest_straightforward,actual_location,possible_locations,geographic_flag,geographic_note,confidence
Voltaic Pile,1800,Alessandro Volta,Electrical,,Flag,Flag,Flag,Flag,Flag,Flag,Flag
Arc Lamp,1802,Humphry Davy,Electrical,,1800–1805,1800–1810,"Royal Institution, London, England",England (London; Birmingham); France (Paris); Italy (Pavia); Germany (Berlin; Munich),ALIGNED,The actual location (London) closely matches possible locations. Any well-equipped European natural-philosophy lab with a large voltaic pile could have demonstrated the arc; Davy's priority reflects the Royal Institution's unusually large battery.,High
Isolation of morphine,1804,Friedrich Sertuner,Medical,,1500–1650,1750–1800,"Paderborn, Westphalia, Germany",Germany (Nuremberg; Augsburg; Frankfurt); Italy (Venice; Padua; Bologna); France (Paris; Montpellier); Netherlands (Leiden; Amsterdam); Switzerland (Basel); England (London); Ottoman/Persian apothecary centers,ALIGNED,The actual location (a small German apothecary shop) is one of many plausible sites — any well-equipped European apothecary or alchemical workshop with access to opium could have attempted this. The German origin reflects the strong apothecary-chemistry tradition rather than unique geographic necessity.,Medium
Jacquard Loom,1804,Joseph-Marie Jacquard,Mechanical,,1500–1600,1725–1750,"Lyon, France",France (Lyon; Tours); Italy (Florence; Venice; Genoa; Milan); Flanders (Bruges; Brussels); Ottoman Bursa; Ming/Qing China (Suzhou; Nanjing),ALIGNED,"The actual location (Lyon) was the dominant European silk-weaving center by 1800, but at the earliest plausible date Italian silk cities and Chinese drawloom centers were equally or more capable. The French origin reflects 18th-century patronage concentration and prior incremental work by Bouchon, Falcon, and Vaucanson, not a unique technical prerequisite.",Medium
High-pressure steam locomotive,1804,Richard Trevithick,Mechanical,,1750–1770,1790–1800,"Pen-y-darren ironworks, Merthyr Tydfil, Wales, UK",Britain (Cornwall; South Wales; Coalbrookdale; Newcastle/Tyneside; Birmingham); France (Paris; Le Creusot); Belgium (Liège); German Rhineland/Saxony; Sweden (Bergslagen),ALIGNED,The actual Welsh ironworks location aligns closely with the densest cluster of plausible locations — British coal-and-iron districts. Continental ironworks (especially Le Creusot and Liège) had broadly comparable capability by mid-18th century but lacked the same colliery tramway demand pull.,Medium
General anaesthetic,1804,Hanaoka Seishu,Medical,,200 BC–200 AD,1500–1700,"Kii Province, Japan",China (Han dynasty medical centers); Japan (Kampo tradition; post-Tang transmission); India (Ayurvedic centers — Taxila; Kashi); Hellenistic/Roman Mediterranean (Alexandria; Rome); Persian/Islamic medical centers (Gondishapur; Baghdad; Cordoba),MISMATCH,"The actual location (early 19th-century Japan) is much later than the earliest plausible window. Equivalent botanical pharmacopoeias existed in Han China, Ayurvedic India, and Greco-Roman medicine — any of which had the prerequisites for a working surgical anaesthetic preparation centuries earlier.",Medium
"Internal combustion engine ""Pyreolophore""",1807,Nicéphore & Claude Niépce,Mechanical,Chemical,1660–1690,1690–1750,"Chalon-sur-Saône, France",France; Netherlands; England; Italy; Germany,ALIGNED,"The earliest-plausible window aligns with the Royal Society/Académie des Sciences milieu where Huygens and Papin demonstrated gunpowder piston engines; France, the Netherlands, and England are all plausible venues, matching the actual French origin.",Medium
Commercial steamboat,1807,Robert Fulton,Mechanical,,1720–1740,1780–1800,"Hudson River, New York, USA (Fulton)",England (London; Birmingham; Newcastle); Scotland (Clyde); France (Paris; Lyon); Netherlands,MISMATCH,"The actual American location reflects commercial opportunity (long navigable rivers, scarce roads) more than unique technical capability; Britain and France had equal or superior engine-building capacity earlier.",Medium
Wrist Watch,1810,Abraham-Louis Breguet,Mechanical,,1500–1550,1700–1750,"Paris, France (Breguet workshop)",Southern Germany (Nuremberg; Augsburg); France (Paris; Blois); Switzerland (Geneva); Italy (Milan; Florence); Flanders,ALIGNED,Actual location (Paris) sits squarely within the cluster of European horological centers; no meaningful mismatch.,Medium
Cylinder steam printing press,1811,Friedrich Koenig,Mechanical,,1790–1800,1800–1811,"London, England (Koenig was German, built it in London)",England; France; Germany (Saxony); Netherlands,ALIGNED,"Strong match — late-18th-century England had the steam engines, precision machining, and high-volume printing demand that drove Koenig's development. France and German states had the printing tradition but lacked the mature steam-engine industry.",Medium
Safety lamp,1812,William Reid Clanny,Mechanical,,1700–1750,1780–1810,"Bishopwearmouth, England",England; Scotland; Belgium (Liège); Germany (Saxony/Ruhr); France,ALIGNED,"Strong match — deep coal mining with persistent firedamp explosions was overwhelmingly a British (and to a lesser extent Belgian/German) problem in the 18th–early 19th century, so motivation and expertise concentrated there.",Medium
Planing machine,1814,James Fox,Mechanical,,1750–1780,1790–1810,"Derby, England, United Kingdom",United Kingdom; France; Sweden; Netherlands,ALIGNED,"Match — the actual invention occurred in early-industrial Britain, and the earliest plausible window aligns with the same European industrial heartland where iron-cutting tooling, screw-cutting lathes, and precision millwright workshops were maturing.",Medium
Canning process,1810,Nicolas Appert,Medical,,100 BC–200 AD,1700–1750,"Paris, France",Roman Empire (Italy; Gaul); Han China; Hellenistic Egypt (Alexandria),ALIGNED,"Actual invention occurred in Napoleonic France under explicit prize-driven institutional demand; France (as Gaul) is included among the plausible Roman-era locations, so the geographic origin is broadly aligned, though the specific mechanism differs.",Medium
Stethoscope,1816,Rene Laennec,Mechanical,,300–100 BC,1700–1780 AD,"Paris, France",Alexandria (Ptolemaic Egypt); Cos; Cnidus; Pergamon; Athens,MISMATCH,"Hellenistic medical centers (Alexandria, Cos, Cnidus, Pergamon, Athens) are the plausible earliest locations; Paris/France does not appear among them, representing a geographic mismatch explained by the Paris clinical school's unique 19th-century concentration of bedside pathological correlation.",Medium
Electric telegraph,1816,Francis Ronalds,Electrical,,1750–1770,1800–1820,"London, United Kingdom",United Kingdom; France; Netherlands; Italy; German states; British North American colonies,ALIGNED,"Matches well — 18th-century European centers of electrical experimentation (Royal Society London, Paris, Leyden) had the artisan glass-blowing, instrument-making, and electrostatic know-how. Ronalds' 1816 London demonstration sits squarely in this milieu.",High
Stirling hot air engine,1816,Robert Stirling,Mechanical,,1700–1720,1760–1780,"Scotland, United Kingdom",United Kingdom; Netherlands; France; German states; Sweden,ALIGNED,"Skilled metalworking workshops capable of building tight-tolerance pistons and cylinders existed in several northern European centers by 1700; the actual Scottish origin reflects the later Industrial Revolution context, but the engine could plausibly have arisen wherever competent instrument-makers and millwrights worked.",Medium
Dandy horse (Laufmaschine / velocipede),1817,Karl von Drais,Mechanical,,1400–1500,1600–1700,"Mannheim, Germany",Northern Italy (Florence; Milan; Venice); Southern Germany (Nuremberg; Augsburg); Flanders (Bruges); France (Paris); Ottoman cities,ALIGNED,"Mannheim/Karlsruhe in 1817 fits the pattern of skilled Central European wheelwright and carriage-making centers; the earlier plausible locations are similar craft hubs (Italian Renaissance workshops, South German metalworking towns) with comparable wheelwright and joinery expertise.",Medium
Tunneling shield,1818,Marc Brunel,Mechanical,,1500–1600,1700–1800,"Rotherhithe, London, England",England; France; Netherlands; Italian states; German states; Ottoman Empire; Ming/Qing China; Mughal India,ALIGNED,"Requires a society with active large-scale civil engineering or mining culture, skilled iron/timber craftsmen, and an economic incentive (river crossing, deep mine, fortification sap). Renaissance Italy, early modern Netherlands, Tudor-Stuart England, and Ming China all qualify; England is included, matching the actual location.",Medium
Difference engine,1822,Charles Babbage,Mechanical,,1700–1750,1780–1820,"London, England",England; France; Netherlands; Switzerland; Germany (Saxony/Augsburg),ALIGNED,"Requires a mature precision-clockmaking and instrument-making tradition; London, Paris, Geneva, and southern German clockmaking centers all qualify by the early 18th century. England's emerging industrial machine-tool culture gives it a slight edge for larger gear trains.",Medium
Pattern-tracing lathe,1822,Thomas Blanchard,Mechanical,,1500–1600,1700–1780,"Springfield Armory, Massachusetts, USA",Nuremberg (Germany); Augsburg (Germany); Florence/Milan (Italy); Paris (France); Antwerp (Spanish Netherlands); London (England),MISMATCH,"The earliest plausible window centers on Renaissance European workshops where ornamental turning, clockwork, and armorers' template-copying converged; this is geographically distinct from the actual 1822 Massachusetts armory context but mechanically continuous with the same craft tradition.",Medium
Heliography,1822,Nicéphore Niépce,Chemical,,1780–1800,1800–1820,"Saint-Loup-de-Varennes, France",France; Britain; German states; Netherlands; Italy,ALIGNED,"France matches well — late-18th-century French engraving and lithography circles were the natural milieu, and Britain (Wedgwood/Davy) was the only other place with comparable practitioner overlap between chemistry and image-making.",Flag
First lighter (Doberiner's Lamp),1823,Johann Dobereiner,Chemical,,1790–1810,1815–1825,"Jena, Germany",Germany; England; France; Sweden; Netherlands,ALIGNED,"Requires access to platinum (a Spanish/South American import refined in Europe from the mid-18th century) and a chemical-pneumatic workshop tradition; such conditions existed in major European centers of pneumatic chemistry (London, Paris, Stockholm, German university towns).",Flag
Bolt-action rifle,1824,Johan Nikolaus von Dreyse,Mechanical,,1700–1730,1750–1780,"Sömmerda, Prussia (modern Germany)",France; Prussia; Saxony; Habsburg Austria; England; Dutch Republic; Sweden; Northern Italy,ALIGNED,"Requires a mature gunsmithing tradition with skilled artisans capable of precision metal fitting and a culture of military firearms innovation; major European gunmaking centers (Liège, Suhl, Saint-Étienne, London, Brescia) all qualify.",Medium
Electromagnet,1824,William Sturgeon,Electrical,,1820–1822,1822–1825,"Woolwich, United Kingdom",United Kingdom; France; Denmark; German states (Prussia; Bavaria); Italian states; Netherlands; United States (northeast),ALIGNED,"Any well-equipped natural philosophy workshop in early-19th-century Europe with access to voltaic piles and insulated wire could replicate the work; Copenhagen, Paris, London, and Munich were all active centers within months of Oersted's announcement.",High
Friction match,1826,John Walker,Chemical,,1790–1800,1800–1815,"Stockton-on-Tees, England",England; France; Germany (Prussia/Saxony); Sweden; Netherlands,ALIGNED,"Requires a region with active pneumatic/oxidizer chemistry (post-Lavoisier/Berthollet) plus skilled apothecary-pyrotechnic trades; Paris, London, and major German university towns all qualify by the 1790s.",Flag
Hot-blast iron smelting,1828,James Neilson,Chemical,,1400–1500,1700–1750,"Glasgow, Scotland, UK",Liège region (Prince-Bishopric of Liège); Rhineland/Siegerland (Holy Roman Empire); Styria/Carinthia (Habsburg lands); Lombardy/Bergamo (Italy); Sweden (Bergslagen); Wealden England; Namur (Low Countries),ALIGNED,"A blast-furnace culture using waterwheel-driven bellows had spread across a belt from the southern Low Countries through the Rhineland and the Alps by c.1400, with Sweden and England catching up shortly after. Any of these ironmaking regions had the masonry, bellows, and charcoal supply chains needed; the binding constraint is craft tradition rather than geography.",Medium
Reaping machine,1828,Patrick Bell,Mechanical,,1500–1600,1700–1800,"Carmyllie, Scotland, United Kingdom",Italy; France; Germany; Netherlands; England; Ottoman Empire; Ming China,ALIGNED,"Requires a region with skilled metalworking artisans (clockmakers, gunsmiths, millwrights), draft horses or oxen, and broad-acre cereal cultivation — conditions met across Renaissance Europe and East Asia.",Medium
Gas Stove,1826,James Sharp,Mechanical,,1792–1800,1815–1826,"Northampton, England",England (Cornwall; Birmingham; London); Scotland (Glasgow); France (Paris),ALIGNED,Strong match. The earliest plausible window centers on British industrial regions where coal-gas experimentation was already underway; Murdoch's Redruth and Birmingham work and Lebon's Paris demonstrations bracket the realistic geography.,Medium
Commutated electrocmagnetic motor,1828,Anyos Jedlik,Electrical,,1821–1823,1825–1828,"Pest, Hungary (Habsburg Empire)",United Kingdom (London); France (Paris); Denmark (Copenhagen); German states (Berlin; Munich); Habsburg Empire (Vienna; Pest); Italian states; United States (Philadelphia; Boston),ALIGNED,"Once Oersted's 1820 announcement propagated through European scientific journals within months, any well-equipped workshop in a major European or American scientific center with access to voltaic piles, copper wire, and skilled instrument makers could attempt the construction. Centers with strong instrument-making traditions (London, Paris, Copenhagen, Vienna) had the greatest concentration of relevant artisans.",High
Braile Tactile alphabet,1829,Louis Braille,Other,,100 BCE – 200 CE,1500–1700,"Coupvray, France",Roman Empire; Han China; Ptolemaic/Roman Egypt; Hellenistic Mediterranean,MISMATCH,France did not exist in the earliest plausible period (100 BCE–200 CE); plausible locations are Mediterranean and East Asian literate civilizations of that era. The actual 1829 France location is a chronological mismatch rather than a surprising geographical one.,Medium
Compound air compressor,1829,William Mann,Mechanical,,1700–1730,1760–1790,United Kingdom,England; France; Netherlands; Germany (Saxony/Harz mining regions); Sweden,ALIGNED,"Regions with advanced metalworking, mining-pump traditions, and skilled cylinder-boring artisans are the natural homes; English and Continental mining districts already used force-pumps and air-engines for ventilation.",Medium
Corrugated galvanized iron,1829,Henry Robinson Palmer,Mechanical,,1790–1810,1815–1828,"London, England",England; France; Sweden; Belgium; Prussia/Germany; United States,ALIGNED,"The invention requires a mature iron-rolling industry capable of producing thin wrought-iron sheets at scale; Britain led decisively, but Sweden, France, and the US had competent rolling mills by the late 18th century. London's dockyards (where Palmer worked) provided the structural-engineering use case, but any major industrial port could host it.",Medium
Electromagnetic induction,1831,Michael Faraday,Electrical,,Flag,Flag,"London, United Kingdom",Flag,Flag,"Faraday's discovery occurred at the Royal Institution in London. Had it been team-reachable, candidate locations would mirror post-Oersted electromagnetic research hubs (London, Paris, Copenhagen, Munich), but the rubric forbids team derivation of this off-limits phenomenon.",Flag
Lawn mower,1830,Edwin Budding,Mechanical,,1815–1830,1820–1830,"England / Stroud, Gloucestershire, England",England; Scotland; France; Belgium; Prussia; United States,ALIGNED,"The decisive precursor was the textile nap-shearing machine developed in English wool-finishing centers (Gloucestershire, Yorkshire), so southwest England is by far the most likely birthplace; other locations require an independent textile-engineering culture with similar rotary-shear practice.",Medium
First practical rotating electric motor,1834,Mortiz von Jacobi,Electrical,,1822–1828,1830–1834,"Königsberg, Prussia (later demonstrated in St. Petersburg, Russia)","Prussia (any city, including Königsberg or Berlin); United Kingdom (London); France (Paris); Russia (St. Petersburg); Denmark (Copenhagen)",ALIGNED,"ALIGNED. Königsberg was a Prussian university city with access to electromagnetic research circulating across German states, Britain, France, and Russia in the 1820s–30s; the prerequisite stack (batteries, wire, machined iron cores, commutators) was reproducible in any of these centers.",Medium
Morse Code,1837,Samuel Morse,Other,,1600–1650,1790–1810,"United States / New York, USA",England; France; Italy; Netherlands; German states; Spain; Ottoman Empire; China,MISMATCH,"Any literate society with a standardized alphabet, printing/tabulation traditions, and an interest in long-distance signaling (military, naval, or cryptographic) could have produced such a code. European powers in the early modern period had the strongest combined incentives (naval signaling, ciphers, postal networks).",Medium
Electrotyping,1838,Mortiz von Jacobi,Chemical,,1800–1810,1810–1820,"Russia / St. Petersburg, Russia",United Kingdom (London); France (Paris); Italy (Pavia/Como); German states; Russia (St. Petersburg),ALIGNED,"Requires access to a working voltaic pile and a skilled metalworking/printing workshop, concentrated in early-19th-century European scientific capitals where Volta’s pile was being replicated within months of its 1800 announcement.",Medium
Steam Shovel,1839,William Otis,Mechanical,,1800–1815,1820–1835,"Canton, Massachusetts, USA",Britain (Manchester/Birmingham/Newcastle/London); USA (Philadelphia/Boston); France (Paris),ALIGNED,"Requires a heavy-engineering culture with stationary steam engines, ironworks, and large civil-engineering projects (canals, mines, railways). Britain is the most likely birthplace given Boulton & Watt and the Cornish/Newcastle engine-building traditions; the eastern USA is a close second by the 1820s.",Medium
Steam Hammer,1839,James Nasmyth,Mechanical,,1790–1800,1800–1815,"Patricroft, England, UK",Britain (Manchester/Birmingham/Sheffield/Soho); possibly France (Paris/Le Creusot),ALIGNED,"Only Britain in the 1790s combined high-pressure-capable steam engine workshops (Boulton & Watt, Wilkinson) with large-scale iron forging practice; Le Creusot in France is a plausible secondary site.",High
Photovoltaic effect,1839,Edmond Becquerel,Other,,Flag,Flag,"France / Paris, France",Paris (France); London (UK); Berlin (Prussia),Flag,"Becquerel’s discovery occurred in his father’s electrochemical laboratory in Paris. Had it been team-reachable, candidate locations would mirror post-Oersted electromagnetic research hubs, but the rubric forbids team derivation.",Flag
Electromechanical relay,1835,Joseph Henry,Electrical,,1827–1832,1830–1835,"Albany, New York, USA",United Kingdom (London/Manchester); France (Paris); Germany (Berlin); United States (New York/Philadelphia/Boston),ALIGNED,"ALIGNED. The USA was a plausible location by the late 1820s given active scientific correspondence networks and Henry's own electromagnetic work, though the strongest concentration of skilled instrument-makers and electromagnet experimenters in the 1827–1832 window was in Britain and continental Europe.",Medium
Vulcanized Rubber,1839,Charles Goodyear,Chemical,,1800–1810,1820–1835,"Woburn, Massachusetts, USA",United Kingdom; France; United States,ALIGNED,"Goodyear's discovery occurred in the USA, which is among the plausible locations at the earliest plausible date. ALIGNED.",Flag
Daguerrotype,1839,Louis Daguerre,Chemical,,1815–1825,1830–1840,"France / Paris, France",France; United Kingdom; Germany (German states); Switzerland; United States,ALIGNED,"ALIGNED. Paris and London were the principal centers for camera obscura optics, silver chemistry, and the experimental milieu (Niépce, Wedgwood, Davy) that produced photographic experimentation in the early 19th century.",Medium
"""Blueprint"" (cyanotype) process",1840,John Herschel,Chemical,,1825–1835,1835–1845,"United Kingdom / Slough, England",United Kingdom; France; Germany; Sweden; Netherlands,ALIGNED,"ALIGNED. By the 1820s–1830s, iron-cyanide chemistry was being actively developed in Britain, France, and the German states; any well-equipped chemical workshop in these regions could pursue the process.",Medium
Printing telegraph,1841,Alexander Bain,Mechanical,,1810–1815,1820–1825,"United Kingdom / Edinburgh, Scotland (later London)",United Kingdom; France; Italy; German states; Denmark; Netherlands,ALIGNED,"ALIGNED. Britain had the precision clockmaking, electrochemistry expertise, and instrument-making workshops needed; France and the German states were equally plausible given Volta's pile and active galvanic experimentation across Europe.",Medium
Fuel Cell,1842,William Robert Grove,Chemical,,1810–1820,1825–1835,"UK / Swansea, Wales, UK",UK; France; Germany (Prussia); Netherlands; Italy,ALIGNED,"ALIGNED. Early 19th-century European centers of electrochemistry (London, Paris, Berlin, Haarlem) had the platinum-working capability, voltaic piles, and gas-handling apparatus needed; Grove's actual location fits this distribution.",Medium
Super-phosphate fertilizer,1842,John Bennet Lawes,Chemical,,1750–1780,1790–1820,"England / Rothamsted, England",Britain; France; Netherlands; Sweden; Prussia,ALIGNED,"ALIGNED. Industrial-scale sulfuric acid production via the lead-chamber process originated in Britain (Roebuck, 1746), and Britain combined intensive agricultural improvement culture with chemical manufacturing — the same conditions that produced the actual invention.",Medium
Wood-pulp paper,1844,FG Keller and Charles Fenerty,Mechanical,,1100–1300,1720–1750,"Germany (Keller, Saxony) / Canada (Fenerty, Nova Scotia)",China; Korea; Japan; Abbasid/Mamluk Caliphate (Baghdad/Damascus/Cairo); Al-Andalus (Xàtiva); Song China; medieval Italy (Fabriano),MISMATCH,"The earliest plausible window (1100–1300) points to Song China or the Islamic world, where papermaking, water-powered trip-hammer mills, and abrasive grindstones all coexisted; Germany and Canada do not appear in the plausible-date list, making this MISMATCH. By the straightforward date (1720–1750), European papermaking and Réaumur's wood-fiber suggestion make Western Europe plausible, though it remains a geographic stretch from the actual locations.",Medium
Hypodermic needle,1844,Francis Rynd,Medical,,1700–1750,1820–1844,"Ireland / Dublin, Ireland",England; France; Netherlands; Germany; Italy,MISMATCH,"MISMATCH. The possible locations at the earliest plausible date (1700–1750) center on the leading instrument-making hubs — London, Paris, Amsterdam, and German centers. Dublin's scientific instrument trade was secondary in this period; Ireland does not appear in the possible-locations list. The invention could have been made in England, France, or the Netherlands well before Rynd's Dublin realization.",Medium
Modern high-strength Portland cement,1845,Isaac Charles Johnson,Chemical,,1790–1810,1820–1840,"Kent, England",England; France; Germany; Belgium,ALIGNED,"ALIGNED. The actual invention occurred in Kent, England, which had the industrial kiln infrastructure, active lime/cement trade, and empirical engineering culture most likely to produce this innovation at any plausible early date. Continental Europe (France, Germany) had comparable refractory kiln technology and building trades but slightly less concentrated commercial cement experimentation.",Medium
Tunnel-boring machine,1846,Henri-Joseph Maus,Mechanical,,1818–1825,1830–1840,Belgium / France (Mont Cenis / Fréjus tunnel project),United Kingdom; France; Belgium; United States,ALIGNED,"ALIGNED. The actual invention occurred in the France/Belgium sphere, which had both the industrial base and the pressing civil-engineering demand (Alpine rail tunneling) to motivate the work. The UK was equally or better positioned industrially and had the most active tunneling culture of the era.",Medium
Nitroglycerin,1847,Ascanio Sobrero,Chemical,,1838–1845,1843–1847,"Turin, Italy",France; Germany; United Kingdom; Italy; Sweden,ALIGNED,"ALIGNED. Turin was a credible center of chemical research in the 1840s, and Sobrero worked under Pelouze in Paris before returning — the invention sits squarely in the French-Italian-German chemical research corridor that dominated organic chemistry at the time.",Medium
Pneumatic drill,1848,Jonathan Couch,Mechanical,,1800–1810,1820–1835,"Philadelphia, Pennsylvania, USA",United Kingdom (England/Scotland); France; USA (eastern seaboard),ALIGNED,"ALIGNED. The actual invention occurred in the USA, which by 1848 had mature steam infrastructure and urgent demand from railway/tunnel construction; the earliest plausible window centers on Britain and France, which led in steam-power engineering and had comparable hard-rock tunneling demands (canal and early railway works) a generation earlier.",High
Pin-tumbler cylinder lock,1848,Linus Yale Sr.,Mechanical,,1780–1800,1820–1840,"Newport, New York, USA",United Kingdom (London/Birmingham); France (Paris); Germany (Nuremberg/Solingen),MISMATCH,"MISMATCH. The earliest plausible date points to Britain or continental Europe, where precision metal-working, industrial filing, and the organized locksmithing trade were most advanced in the late 18th century; Yale Sr.'s American realization came a generation after these capabilities were fully available in European craft centers.",Medium
Metallic-cartridge repeating rifle,1849,Walter Hunt,Mechanical,,1845–1850,1855–1865,"New York, USA",USA; France; Belgium; United Kingdom,ALIGNED,"ALIGNED. The USA and Western Europe (particularly France and Belgium) had the precision metalworking, firearms craft traditions, and percussion ignition knowledge necessary; Hunt's New York location was plausible, and the parallel European pinfire work confirms the geography was broadly correct.",Medium
Francis water turbine,1849,James Francis,Mechanical,,1800–1810,1830–1840,"Lowell, Massachusetts, USA",United Kingdom; France; Switzerland; USA (New England mill districts),ALIGNED,"ALIGNED. The actual invention occurred in a major industrial mill district (Lowell, MA) with strong hydraulic engineering culture; the earliest plausible date would similarly favor Britain and France, where precision metalworking, hydraulic millwork, and systematic engineering practice were most concentrated by 1800–1810.",High
Safety pin,1849,Walter Hunt,Mechanical,,1650–1700,1700–1750,"New York, USA",England; France; Netherlands; Germany,MISMATCH,"MISMATCH. The actual invention occurred in the United States, but the prerequisite industrial wire-drawing and spring-tempering capabilities were concentrated in European metalworking centers (particularly England and the German states) significantly earlier; the invention could plausibly have emerged there well before the American context that produced Hunt.",Medium
Hydraulic accumulator,1850,William Armstrong,Mechanical,,1800–1810,1810–1820,"Newcastle upon Tyne, England",England (London; Birmingham; Manchester); France (Paris); Netherlands,ALIGNED,"ALIGNED. England was the center of industrial hydraulics, with Bramah's press (1795) and a mature millwright/engineering culture; Armstrong himself worked in Newcastle, the heart of heavy industrial engineering.",High
Public flush toilet,1851,George Jennings,Mechanical,,1780–1790,1800–1820,"London, United Kingdom",London; UK; Paris; France; Amsterdam; Netherlands,ALIGNED,"ALIGNED. The actual invention occurred in London, which was also the most plausible early location given its combination of municipal sewer infrastructure, dense urban population creating demand, and prior flush closet development by Cumming and Bramah.",Medium
Chemical-vapor deposition,1852,Robert Bunsen,Chemical,,1800–1810,1830–1840,"Heidelberg, Germany",United Kingdom (London; Edinburgh); France (Paris); Germany (Berlin; Göttingen); Sweden (Stockholm),ALIGNED,"ALIGNED. Germany was a leading center of analytical and inorganic chemistry by mid-century, and Bunsen's Heidelberg laboratory was well-resourced; the technique required no infrastructure unavailable elsewhere in Western Europe.",Medium
Safety-brake elevator,1852,Elisha Otis,Mechanical,,1790–1810,1820–1840,"Yonkers, New York, USA",United Kingdom (England); France; Germany; United States,ALIGNED,"ALIGNED. The actual invention occurred in an industrializing American manufacturing center; the earliest plausible locations are the leading industrialized nations of the late 18th–early 19th century, all of which possessed the requisite metalworking, spring manufacture, and mine-hoist infrastructure.",High
Powered dirigible flight,1852,Henri Giffard,Mechanical,,1820–1830,1835–1845,"Paris, France",United Kingdom; France; Germany,ALIGNED,"ALIGNED. France and Britain were the leading centers of both aeronautics (ballooning tradition since 1783) and lightweight steam engine development (Trevithick, high-pressure engines by 1800–1810), making either country a plausible site for an earlier attempt.",Medium
Reinforced concrete,1853,Francois Coignet,Mechanical,,1796–1800,1824–1835,"Paris, France",United Kingdom; France; Belgium,ALIGNED,ALIGNED. Britain and France led in both iron construction and cement chemistry in this period; the actual invention in Paris fits the broader northwest European industrial core where all prerequisite materials and structural knowledge converged.,Medium
Practical three-color photography,1855,James Clerk Maxwell,Chemical,,1873–1878,1878–1885,"Edinburgh / London, UK",UK (London; Edinburgh); Germany (Berlin; Leipzig); France (Paris),ALIGNED,ALIGNED. The UK and Germany were the leading centers of photographic chemistry and color theory in this period; Maxwell's actual location is fully consistent with where earliest plausible work would have occurred.,Flag
Bessemer Steel Process,1855,Henry Bessemer,Chemical,,1820–1835,1835–1850,"London, England",England; Belgium; France; Sweden; United States (Pennsylvania),ALIGNED,"ALIGNED. England was the global center of iron and steel production, blast furnace technology, and industrial empirical engineering in the early 19th century; the invention naturally emerged there and could plausibly have emerged in no more than a handful of other leading ironworking nations.",Medium
Parkesine (celluloid),1856,,,,1846–1850,1848–1852,"Birmingham, England",England; Germany; France; United States,ALIGNED,ALIGNED. Birmingham was a center of industrial chemistry and skilled artisan manufacturing; the actual inventor worked precisely in the environment most capable of producing this invention at the earliest plausible date.,High
Vapour-compression ice machine,1856,James Harrison,Mechanical,Chemical,1834–1840,1840–1848,"Geelong, Australia / Glasgow, Scotland",United Kingdom (London; Glasgow; Birmingham); France (Paris); United States (Philadelphia; New York),MISMATCH,"MISMATCH. The earliest plausible date precedes Harrison's involvement; the most capable workshops and engineering talent in 1834–1840 were concentrated in industrial Britain and France, not colonial Australia.",Medium
Mauveine synthetic dye,1856,William Henry Perkin,Chemical,,1845–1855,1850–1858,"London, England",England (London; Manchester); France (Paris; Lyon); Germany (Berlin; Giessen),ALIGNED,ALIGNED. England was the leading center of coal-tar chemistry and textile industry demand; France and Germany had strong organic chemistry traditions that could also have achieved this. Perkin's London location was ideal given coal-tar availability and dye-trade infrastructure.,Medium
Geissler tube,1857,Heinrich Geissler,Electrical,Chemical,1852–1856,1854–1857,"Bonn, Germany",Germany; England; France,ALIGNED,"ALIGNED. The actual invention occurred in Bonn, Germany, which sits at the intersection of the strongest European glass-instrument-making tradition, the Ruhmkorff coil (Paris, 1851), and university-adjacent precision instrument workshops. England and France had comparable concentrations of glassblowers, induction coil access, and vacuum-pump expertise by the early 1850s.",High
Phonautograph,1857,Édouard-Léon Scott de Martinville,Mechanical,,1800–1810,1820–1830,"Paris, France",France; United Kingdom; Germany,ALIGNED,"ALIGNED. Paris was a leading center of scientific instrument-making and acoustics research. At the 1800–1810 earliest plausible date, the relevant Paris advantages are Chladni's vibration figures (1787, widely demonstrated in Paris), skilled artisan instrument workshops, and scientific-society infrastructure — not Savart's later membrane work (1820s) or Lissajous, which belong to the 1820–1830 straightforward window.",High
Lead-acid rechargeable battery,1859,Gaston Plante,Chemical,,1836–1842,1840–1845,"Paris, France",France; United Kingdom; Germany; United States,ALIGNED,"ALIGNED. Paris was a leading center of electrochemical research in the mid-19th century, and the UK and Germany had comparable infrastructure; the invention required no unique local resources.",High
Carbon fiber (carbonized filament),1860,Joseph Swan,Other,,1820–1835,1835–1845,"Sunderland, England",England; France; Germany; United States,ALIGNED,ALIGNED. Britain led early electrical experimentation and had strong craft traditions in fine thread and kiln work; France and Germany had comparable chemical and artisan capabilities by the 1820s–1830s.,Medium
Pasteurization,1864,Louis Pasteur,Medical,,1780–1800,1820–1840,"Paris, France",France; United Kingdom; Netherlands; Italy,ALIGNED,"ALIGNED. France had strong wine and beer industries providing clear economic motivation, and Paris was a center of natural philosophy and empirical investigation; the technique could have emerged in any Western European nation with similar fermented-beverage industries and access to instrument makers.",Medium
Siemens-Martin open-hearth steel process,1865,Carl Siemens and Pierre Martin,Chemical,,1858–1865,1862–1867,"Sireuil, France (Martin's first commercial furnace); Germany (Siemens's regenerative furnace development)",United Kingdom; France; Germany; Belgium,ALIGNED,"ALIGNED. The process was developed in the most industrially advanced steelmaking nations of the era; all four possible locations had the required iron/steel industry, refractory materials supply, and skilled metallurgical workforce by the late 1850s.",High
Dynamite,1867,Alfred Nobel,Chemical,,1848–1852,1850–1855,"Krümmel, Germany (near Hamburg)",United Kingdom; France; Germany; Sweden; United States,ALIGNED,"ALIGNED. Industrial chemistry and mining were active across Western Europe and the US by mid-century; any country with access to nitroglycerin synthesis and abundant porous mineral materials (kieselguhr, charcoal, sawdust) could have reached this combination. Nobel's German factory location reflects industrial infrastructure but confers no unique advantage over peers.",High
Barbed wire,1867,Lucien Smith,Mechanical,,1800–1820,1850–1860,"Ohio, USA; Illinois, USA",United Kingdom; France; Belgium; Germany; United States (northeast),MISMATCH,"MISMATCH. The actual invention occurred in the American Midwest driven by prairie fencing demand, but the prerequisite wire-drawing and metalworking capacity existed in Western European industrial centers and the northeastern US well before the 1860s; the motivating context of vast unfenced land was geographically specific to the American frontier.",Medium
PVC (polyvinyl chloride),1872,Eugen Baumann,Chemical,,1840–1850,1850–1865,Germany (Tübingen / Alsace region),Germany; France; United Kingdom; Sweden,ALIGNED,"ALIGNED. Germany (Tübingen/Alsace) is in the possible-locations list. The discovery occurred within the German/French scientific sphere, which by 1840 held the leading organic chemistry infrastructure (Liebig school, Paris école de chimie); no geographic mismatch.",Medium
Early stainless steel (chromium steel),1872,Harry Brearley,Chemical,,1825–1835,1835–1845,England,England; France; Sweden; Germany,ALIGNED,"England is ALIGNED — Britain led industrial steel production and had established metalworking workshops with access to chromium compounds and ferrochromium research originating from France (Berthier, 1821). France is equally plausible as the origin of ferrochromium work.",Medium
Rotary cement kiln,1873,Frederick Ransome,Mechanical,,1845–1855,1855–1865,England,England; Belgium; France; Germany; United States,ALIGNED,"England was the center of Portland cement production and heavy iron fabrication in the mid-19th century, making it the most natural origin. ALIGNED.",Medium
Crookes radiometer,1873,William Crookes,Other,,1858–1865,1863–1868,"London, England",London; England; Paris; France; Berlin; Germany; Bonn; Germany,ALIGNED,"ALIGNED. The invention required advanced glassblowing, precision mercury vacuum pumps, and skilled optical instrument makers — all concentrated in mid-19th-century Western European scientific centers, particularly London and the German university towns where Geissler-type work originated.",Medium
Gramme dynamo,1873,Zenobe Gramme,Electrical,,1862–1867,1868–1872,"Paris, France",United Kingdom (London); Germany (Berlin; Hannover); France (Paris); United States (New York; Boston),ALIGNED,"ALIGNED. Paris was a leading center of electrical experimentation and precision instrument manufacturing by the 1860s–1870s, and the actual invention site matches well with the industrial and scientific infrastructure required.",Medium
Metal detector,1874,Gustave Trouve,Electrical,,1836–1840,1845–1850,"Paris, France",United Kingdom (London); France (Paris); Germany (Berlin/Munich); United States (Boston/Philadelphia),ALIGNED,"ALIGNED. Paris was a leading center of precision instrument making and electrical experimentation in the mid-19th century; France had both the artisan coil-winding and galvanometer-manufacturing base needed, and Trouvé's own location was well-suited to this work.",High
Electric tram,1875,Fyodor Pirotsky,Mechanical,Electrical,1862–1865,1870–1878,"Saint Petersburg, Russia",United Kingdom (London; Birmingham); Germany (Berlin; Hamburg); France (Paris); United States (New York; Boston); Belgium (Brussels),MISMATCH,"MISMATCH. Saint Petersburg was a credible but unlikely leading site; the earliest plausible date favors industrially denser centers in Britain, France, Germany, or the northeastern United States, where precision metalworking, electrical instrument makers, and concentrated battery supply chains were strongest.",Medium
Four-stroke internal combustion engine,1876,,,,1862–1868,1870–1875,"Cologne, Germany",United Kingdom; France; German states; Belgium,ALIGNED,"ALIGNED. The actual invention occurred in the German states (Cologne), which had strong engineering workshops, access to coal gas infrastructure, and skilled machinists — all present in comparable form in the UK, France, and Belgium from the early 1860s onward.",Medium
Telephone,1876,Alexander Graham Bell,Electrical,,1837–1845,1845–1855,"Boston, Massachusetts, USA",United Kingdom; Germany; France; USA (eastern seaboard),ALIGNED,"ALIGNED. The actual invention occurred in the USA, which by the 1870s had deep telegraph infrastructure and skilled instrument makers; however, the earliest plausible window centers on Britain and Germany, where electromagnetic instrument-making craft was most advanced in the 1837–1845 period, making either location viable.",Medium
Phonograph,1877,Thomas Edison,Electrical,,1857–1860,1865–1870,"Menlo Park, New Jersey, USA",France (Paris); United Kingdom (London); Germany (Berlin or Leipzig); USA (any major industrial city),MISMATCH,"MISMATCH. The actual invention occurred in the USA, but the earliest plausible date clusters around France, where Scott de Martinville built the phonautograph in 1857 and where the conceptual and physical prerequisites were most concentrated. A motivated team in Paris, London, or Berlin was better positioned than any American city at that date.",Medium
Closed-circuit rebreather,1878,Henry Fleuss,Mechanical,Chemical,1845–1855,1855–1865,"London, England",England (London/Birmingham); France (Paris); Germany (Prussia/Berlin); United States (industrial centers),ALIGNED,"ALIGNED. Industrial Britain in the mid-19th century had the strongest concentration of precision metalworking, chemical manufacturing (including caustic potash production), and practical diving/mining engineering motivation, making London or Birmingham the most natural origin point.",Medium
Pelton Wheel,1878,Lester Allan Pelton,Mechanical,,1830–1845,1845–1860,"Nevada/California, USA",United Kingdom; France; Switzerland; USA (northeastern industrial centers),ALIGNED,"ALIGNED. The USA and Western Europe shared the same industrial and hydraulic engineering knowledge base by the 1830s–1840s; the actual location (mining-era California) reflects opportunistic context, but the invention could plausibly have emerged wherever high-head water sources and industrial demand coincided, particularly in Alpine Europe or the Appalachian/northeastern USA.",Medium
Incandescent light bulb,1879,Thomas Edison,Electrical,,1825–1840,1865–1879,"Menlo Park, New Jersey, USA; Newcastle, England",United Kingdom; France; Germany (Prussia); United States; Netherlands,ALIGNED,"ALIGNED. By the 1820s–1830s, glassblowing centers, battery-making capacity, and barometer/mercury-pump traditions existed across Britain, France, and the German states — the same craft ecosystem that later produced Swan and Edison.",Medium
Carbon arc welding,1881,Nikolay Benardo and Stanislaw Olszewski,Electrical,,1871–1876,1875–1881,"Paris, France",United Kingdom; France; Germany; United States,ALIGNED,"ALIGNED. Industrial nations with access to Gramme-type dynamos and established electrical workshops (UK, France, Germany, USA) all had the infrastructure to support this work by the early 1870s; Paris was a natural hub given Gramme’s presence there.",Medium
Recoil-operated machine gun,1884,Hiram Maxim,Mechanical,,1872–1876,1878–1882,"London, England",United Kingdom; United States; Germany; France; Belgium,ALIGNED,"ALIGNED. The UK and US were the leading centers of precision metalworking and small-arms manufacturing in the 1870s, and London/Birmingham in particular had the skilled artisan workshops and commercial arms industry necessary to develop and iterate on a recoil-operated mechanism.",Medium
Bayer alumina process,1887,Carl Bayer,Chemical,,1830–1850,1865–1880,"Saint Petersburg, Russia",France; United Kingdom; Germany (Prussia/Saxony); Russia; Austria-Hungary; Sweden; Belgium; United States,ALIGNED,"ALIGNED. Major European industrial chemistry centers (Germany, France, UK) had the alkali industry, pressure-vessel craftsmanship, and aluminum-chemistry awareness needed; the actual Russian invention fits within this set.",Medium
Wind-generated electricity,1887,James Blyth,Mechanical,Electrical,1867–1870,1870–1875,"Marykirk, Scotland, United Kingdom",United Kingdom; France; Germany; Belgium; United States,ALIGNED,"ALIGNED. The required dynamo expertise (Gramme in France/Belgium, Siemens in Germany/UK) and lead-acid battery work (Planté in France) clustered in Western Europe, with the UK already a hub of windmill and electrical engineering.",High
Gold cyanidation,1887,MacArthur–Forrest brothers & John S. MacArthur,Chemical,,1845–1855,1860–1875,"Glasgow, Scotland, United Kingdom",United Kingdom; France; Germany (Prussia/Saxony); Austria-Hungary; United States; Sweden; Belgium,ALIGNED,"ALIGNED. The chemical industry capable of producing cyanides at scale and the mining/metallurgical workshops needed to test the process were concentrated in industrial Britain and continental Europe by mid-19th century, matching the actual locus of invention.",High
Ballpoint pen,1888,John Loud,Mechanical,,1500–1600,1700–1800,"Weymouth, Massachusetts, USA",Northern Italy; Southern Germany (Nuremberg/Augsburg); Flanders; France; Ottoman Empire; Ming China; Mughal India,MISMATCH,"MISMATCH. Loud's actual 1888 US invention reflects late-19th-century American patent activity, but the underlying craft (precision ball-bearing metalwork, viscous inks, reservoir pens) was achievable centuries earlier in any major metalworking center. Renaissance Italian/German workshops had ample capability.",Medium
Kinetoscope motion picture viewer,1888,Thomas Edison and WKL Dickson,Other,,1882–1885,1888–1890,"West Orange, New Jersey, USA",USA; United Kingdom; France; Germany,ALIGNED,"ALIGNED. Late-19th-century photographic and electrical innovation was concentrated in the US and Western Europe, where Edison, Marey, Muybridge, Friese-Greene, and the Lumières all operated within the same technological milieu.",High
Experimental proof of radio waves,1888,Heinrich Hertz,Electrical,,Flag,Flag,"Karlsruhe, Germany",Flag,Flag,Flag,Flag
Practical pneumatic tyre,1888,John Dunlop,Mechanical,,1845–1855,1870–1880,"Belfast, Northern Ireland, United Kingdom",United Kingdom; France; United States; Germany,ALIGNED,"ALIGNED. Vulcanized rubber manufacturing, fabric weaving, and precision metalwork were all concentrated in Britain and the northeastern US by mid-century, matching Dunlop's actual location.",Medium
Poudre B Smokeless powder,1884,Paul Vieille,Chemical,,1846–1855,1860–1875,"Paris, France",France; United Kingdom; Prussia/German states; Austria; Switzerland; Sweden; United States,ALIGNED,"ALIGNED. Nitrocellulose chemistry was pursued vigorously across Western Europe immediately after Schönbein's 1845 disclosure (Austria's Lenk, Britain's Hall, France's powder service), and any of these well-resourced military-chemical establishments had the artisan base to iterate on gelatinization and flake geometry.",Medium
Steam turbine,1884,Charles Parsons,Mechanical,,1875–1880,1880–1885,"Newcastle, England",England; Germany; United States; France; Belgium,ALIGNED,"ALIGNED. Britain's combination of advanced precision engineering workshops, high-quality steel manufacturing, and concentrated steam-power expertise made it the natural home for this invention; Newcastle in particular had strong marine engineering infrastructure that Parsons directly exploited.",High
Closed core transformer,1884,"Zipernowsky-Bláthy-Déri, ""ZBD""",Electrical,,1867–1872,1878–1883,"Budapest, Austria-Hungary",United Kingdom (London/Manchester); France (Paris); Germany (Berlin); Austria-Hungary (Vienna/Budapest); United States (New York/Boston); Belgium (Liège),ALIGNED,"ALIGNED. Industrialized Europe and the US Northeast had the iron-working precision, insulated copper wire industry, and electrical instrument shops needed; Budapest in 1884 was within this cluster, and any of the listed cities could have hosted the same workshop a decade earlier.",Medium
Safety bicycle,1885,John Kemp Starley,Mechanical,,1844–1855,1865–1875,"Coventry, England",England; France; Germany; Belgium,ALIGNED,"ALIGNED. Britain and France led velocipede/cycle development through the mid-19th century, with strong precision metalworking and machine-tool industries; Coventry in particular had a watch and ribbon-weaving industry that transitioned into cycle manufacturing.",Medium
Zinc-carbon dry cell,1886,Carl gassner,Chemical,,1868–1872,1872–1878,Germany,France; United Kingdom; Germany; United States,ALIGNED,"ALIGNED. By the late 1860s, electrochemical engineering was active across Western Europe and the United States; the Leclanché cell was French in origin but rapidly disseminated, so Germany is entirely consistent with the improvement trajectory.",High
Hall-Heroult process,1886,Charles Hall and Paul Heroult,Chemical,,1856–1865,1870–1880,"Oberlin, Ohio, USA (Hall); Paris, France (Héroult)",United Kingdom; Germany; France; United States,ALIGNED,"ALIGNED. The actual inventors worked in France and the USA, both of which were among the leading industrial-chemical nations of the era and would have been plausible hosts for an earlier directed program given their electrochemical research communities.",Medium
Petrol automobile,1886,Karl Benz,Mechanical,,1877–1880,1882–1886,"Mannheim, Germany",Germany; United Kingdom; France; Belgium; United States,ALIGNED,"ALIGNED. The actual invention occurred in Germany, which was among the most industrially and technically capable nations in the 1870s–1880s. France, the UK, and Belgium were equally plausible hosts given their comparable industrial infrastructure.",High
Chlorofluorocarbon refrigerant,1890,Frederic Swarts,Chemical,,1850–1870,1880–1890,"Belgium / Ghent, Belgium",Belgium; France; Germany; United Kingdom; Sweden,ALIGNED,"ALIGNED. Mid-19th-century organic halogen chemistry was concentrated in Western European academic labs (Paris, Giessen, Ghent, London), where chlorocarbon chemistry and HF handling were already practiced.",Medium
Pre-cut folding cardboard box,1890,Robert Gair,Mechanical,,1820–1840,1850–1870,"Brooklyn, New York, USA",Britain; France; Germany; USA; Netherlands,ALIGNED,"ALIGNED. Industrializing regions with established paper mills, printing trades, and iron-frame press manufacture all qualify; Gair's Brooklyn location fits the broader pattern of papermaking and printing centers.",High
Zipper,1891,Whitcomb Judson,Mechanical,,1750–1800,1820–1850,"United States / Chicago, USA",England; France; Switzerland; Germany (Saxony/Nuremberg); Netherlands; Italy (northern),MISMATCH,"MISMATCH. Earliest plausible centers are European clock/watch and small-metal-goods workshops (Geneva, Sheffield, Birmingham, Nuremberg); the actual 1891 US invention reflects late industrial-era tinkering rather than a binding tech constraint.",Medium
Cinematograph,1892,Leon Bouly,Other,,1880–1885,1888–1892,"France / Lyon, France",France; United Kingdom; United States; Germany,ALIGNED,"ALIGNED. Late 19th-century photographic and precision-mechanical innovation was concentrated in France, Britain, Germany, and the US, all of which had the optical, chemical, and mechanical infrastructure required.",Medium
Electric oven,1892,Thomas Ahearn,Electrical,,1871–1878,1880–1888,"Ottawa, Canada","France (Paris); United Kingdom (London); United States (New York, Boston); Germany (Berlin, Munich)",MISMATCH,"MISMATCH. The binding constraint is access to practical dynamo-supplied kilowatt-scale current; by 1871–1878 this capacity existed primarily in France (Gramme) and the UK/US (early industrial generators), not in Ottawa, which lacked central-station power infrastructure until the late 1880s.",Medium
"Compression ""diesel"" engine",1893,Rudolph Diesel,Mechanical,,1870–1880,1885–1893,"Germany (Augsburg, Germany)",Germany; United Kingdom; France; Belgium; United States,ALIGNED,"ALIGNED. Germany, Britain, France, and the U.S. all had the steel metallurgy, precision machining, and internal combustion engine experimentation needed; the actual invention in Germany fits squarely within this industrial heartland.",Medium
Rubber surgical gloves,1893,William Halstead,Medical,,1867–1875,1880–1893,"USA / Baltimore, USA (Johns Hopkins)","UK (London, Glasgow, Edinburgh); Germany (Berlin); France (Paris); USA (Boston, New York, Baltimore); Austria (Vienna)",ALIGNED,ALIGNED. Centers of antiseptic surgical practice and rubber manufacturing co-located across Western Europe and the US Northeast in the 1860s–1880s; the actual US invention fits this distribution.,Medium
Wireless telegraphy,1895,Guglielmo Marconi,Electronic,,1890–1893,1893–1895,"Italy / Bologna, Italy",United Kingdom; Germany; France; Italy; United States,ALIGNED,"ALIGNED. By 1890 the relevant electrical instrument-making expertise (induction coils, galvanometers, relays) and physics literature were widely distributed across Western Europe and the northeastern US; Bologna/London/Berlin/Paris are all plausible.",High
X-ray,1895,Wilhelm Röntgen,Other,,Flag,Flag,"Würzburg, Germany",Flag,Flag,Flag,Flag
Cloth surgical mask,1897,Jan Mikulicz-Radecki,Medical,,1867–1880,1880–1895,Poland/France (Breslau and Paris),Germany; France; United Kingdom; Austria-Hungary; United States,ALIGNED,"ALIGNED. Continental European surgical centers (especially German-speaking and French) were the leading sites for antiseptic/aseptic surgical innovation in the late 19th century, matching the actual invention locations.",High
Polyethylene,1898,Hans von Pechmann,Chemical,,Flag,Flag,"Germany / Munich, Germany",Flag,Flag,Flag,Flag
Nickel cadmium rechargeable battery,1899,Waldemar Jungner,Electronic,,1860–1870,1875–1885,"Sweden / Stockholm, Sweden",United Kingdom; France; Germany; Sweden; United States; Belgium; Austria-Hungary,ALIGNED,"ALIGNED. Industrial-scale electrochemistry, refined cadmium, and KOH production were available across Western/Central Europe and the northeastern US by the 1860s, so Sweden is one of many plausible loci.",Medium
Zeppelin LZ-1 Rigid airship,1900,Ferdinand von Zeppelin,Mechanical,,1888–1895,1895–1900,"Friedrichshafen, Germany",Germany; France; United Kingdom; United States,ALIGNED,"ALIGNED. Industrialized nations with aluminum smelting, precision machine shops, and internal combustion engine manufacturing were concentrated in Western Europe and the US; Germany held a particular lead in engines and metalworking.",Medium
Powered suction vacuum cleaner,1901,Hubert Cecil Booth,Mechanical,,1830–1850,1860–1880,"United Kingdom / London, UK",United Kingdom; France; United States; Prussia/Germany; Belgium,ALIGNED,"ALIGNED. Industrial Britain and France had the centrifugal fans, fine textile manufacturing, and steam-power infrastructure required; the actual invention location fits squarely within this set.",Medium
First self-sustaining gas turbine,1903,Ægidius Elling,Mechanical,,1888–1895,1895–1903,Norway,United Kingdom; Germany; France; United States; Sweden,MISMATCH,"MISMATCH. Norway was an unusual location for advanced precision engineering at this period; the UK, Germany, and France had far denser concentrations of high-precision machine shops, metallurgical expertise, and steam-turbine manufacturing capability that would have been required. Elling's success in Norway depended on personal genius and access to imported materials and knowledge rather than a deep local industrial ecosystem.",Medium
Laminated safety glass,1903,Édouard Bénédictus,Mechanical,,1870–1880,1875–1885,"Paris, France",United Kingdom (London/Birmingham); France (Paris); Germany (Berlin/Cologne); United States (New York/Philadelphia),ALIGNED,"ALIGNED. France and the broader Western European industrial belt had mature plate glass industries, access to cellulose nitrate chemistry, and the skilled artisan-chemist workshops required. Paris is entirely consistent with the earliest plausible window.",Medium
"First sustained, controlled powered flight",1903,Orville and Wilbur Wright,Mechanical,,1890–1900,1897–1903,"Kitty Hawk, North Carolina, USA",United Kingdom; France; Germany; United States,ALIGNED,"ALIGNED. The USA was a plausible location given its strong mechanical workshop culture, access to lightweight engine technology, and the active aeronautical community by the late 1890s; France and Germany were equally or more likely given their stronger engineering institutions and earlier glider traditions.",Medium
Fleming valve,1904,John Ambrose Fleming,Electronic,,1884–1888,1890–1897,"London, England",United Kingdom; United States; Germany,ALIGNED,"ALIGNED. The UK and US led in both incandescent lamp development and early electrical/telegraphic engineering; London, Menlo Park (NJ), and Berlin had the industrial-workshop infrastructure and vacuum-glass expertise required.",Medium
First free helicopter flight,1907,Paul Cornu,Mechanical,,1900–1905,1905–1910,"Lisieux, France",France; Germany; United Kingdom; United States,ALIGNED,"ALIGNED. France in the early 1900s had leading internal combustion engine manufacturers (Antoinette, Renault, Darracq) and a vibrant aviation engineering community, making it the most plausible location for this work at the earliest plausible date.",Medium
Bakelite,1907,Leo Baekeland,Chemical,,1902–1907,1904–1907,"Yonkers, New York, USA",USA; Germany; United Kingdom; France; Belgium,ALIGNED,"ALIGNED. The actual invention occurred in the USA, and the USA was one of several plausible locations given its strong industrial chemistry infrastructure and access to coal-tar byproducts; Germany and the UK were equally or more likely candidates given their leading dye and synthetic chemistry industries.",Medium
Ramjet concept,1907,Rene Lorin,Mechanical,,1935–1942,1939–1945,France,Germany; United Kingdom; United States; France; USSR,ALIGNED,"ALIGNED. By the mid-1930s, all major industrial powers had the aeronautical, materials, and fuel infrastructure to pursue a working ramjet; France is one of several plausible locations and retains capability through the actual first flight (Leduc, 1949).",Medium
Cellophane,1908,Jacques Brandenberger,Chemical,,1893–1896,1897–1900,France,United Kingdom; France; Germany; Switzerland; Belgium,ALIGNED,"ALIGNED. The viscose process originated in the UK (Cross, Bevan, Beadle, 1892), and industrial textile chemistry was concentrated in Britain, France, Germany, and Switzerland — all plausible sites for immediate follow-on film-casting work.",High
Haber-Bosch process,1909,Fritz Haber,Chemical,,1895–1905,1900–1910,Germany (Karlsruhe / Oppau),Germany; United Kingdom; France; United States,ALIGNED,"ALIGNED. Germany's strong industrial chemistry infrastructure, world-leading chemical engineering firms (BASF), and university-industry linkages made it the natural locus; Britain and France had comparable high-pressure engineering capability but weaker integration of academic thermodynamics with industrial scale-up.",Medium
First static-image television transmission,1909,Georges Rignoux & A. Fournier,Electronic,,1886–1890,1895–1905,"Paris, France",United Kingdom; Germany; France; United States,ALIGNED,"ALIGNED. France was a leading center of electrical and optical experimentation in the late 19th century, and Paris had the artisan workshops and telegraph infrastructure required; no geographic mismatch with the actual invention site.",Medium
Cloud chamber,1911,CTR Wilson,Other,,1897–1902,1903–1908,"Cambridge, England",England; Germany; France; United States,ALIGNED,"ALIGNED. The earliest plausible window centers on Cambridge and similar university workshop environments in Western Europe and the United States, all of which had access to Wilson's 1897 published results, X-ray sources, and skilled glassblowers by 1897–1900.",Medium
Electric slot cars,1912,Lionel Corporation,Electrical,,1887–1892,1893–1898,"New York, USA",United Kingdom; Germany; USA,ALIGNED,"ALIGNED. The USA, UK, and Germany all had mature electrical manufacturing industries and toy/model engineering traditions by the late 1880s; the actual inventor (Lionel, New York) fits squarely within this cluster.",High
First articulated electric trams,1912,Boston Elevated Railway,Electrical,,1893–1897,1897–1902,"Boston, Massachusetts, USA","USA (Boston, Philadelphia, Chicago); United Kingdom (London, Glasgow); Germany (Berlin, Hamburg); Belgium (Brussels)",ALIGNED,"ALIGNED. The USA had dense urban electric tram networks and strong car-building industry by the mid-1890s; Boston specifically was an early adopter of electric traction and had the operational incentive of high-capacity urban corridors. Europe (Germany, Belgium) had comparable engineering capacity and dense city networks.",Medium
Bergius high-pressure coal hydrogenation process,1913,Friedrich Bergius,Chemical,,1910–1915,1913–1918,Germany (Hannover/Rheinau),Germany; United Kingdom; France; United States,ALIGNED,"ALIGNED. Germany in this era led in industrial chemistry, high-pressure engineering, and coal chemistry, with the necessary academic-industrial infrastructure concentrated in the same region where Bergius worked.",High
Kaplan axial-flow adjustable blade turbine,1913,Viktor Kaplan,Mechanical,,1885–1895,1895–1905,Austria (Brünn/Brno),United Kingdom; Germany; France; Austria-Hungary; United States,ALIGNED,"ALIGNED. Austria-Hungary had strong mechanical engineering capacity by the 1880s–1890s, with Brno specifically hosting significant industrial infrastructure; the invention fits squarely within the Central European hydraulic engineering tradition that produced the Francis turbine refinements of the same era.",Medium
Stainless Steel,1915,Harry Brearley,Chemical,,1895–1905,1905–1912,"Sheffield, England",England (Sheffield); France (Paris); Germany (Essen/Krupp works); United States (Pittsburgh),ALIGNED,"ALIGNED. Sheffield was the world center of specialty steel production and had the metallurgical expertise, industrial infrastructure, and motivated commercial demand to have pursued this work earliest; the actual invention there is fully consistent with the earliest plausible location.",Medium
First practical battle tanks,1915,Walter Wilson & William Tritton; Eugène Brillié,Mechanical,,1885–1895,1900–1910,"Lincoln, England / Bordeaux, France",United Kingdom; France; Germany; United States,ALIGNED,"ALIGNED. The actual invention occurred in the UK and France, both of which had the industrial capacity, steel manufacturing, and military-industrial investment necessary at the earliest plausible date. No mismatch.",Medium
Czocharlski crystal pulling,1916,Jan Czochralski,Chemical,,1895–1910,1905–1915,"Frankfurt, Germany",Germany; United Kingdom; France; Austria-Hungary,ALIGNED,"ALIGNED. Germany was a world leader in industrial chemistry and metallurgy in the late 19th century, and the actual invention occurred there; a motivated team with comparable resources would most plausibly have been located in Germany, the UK, France, or Austria-Hungary.",Medium
Crystal oscillator,1917,Alexander Nicholson,Other,,1909–1912,1912–1915,"New York, USA","USA (New York, Pittsburgh); UK (London); Germany (Berlin, Munich); France (Paris)",ALIGNED,"ALIGNED. The actual invention occurred in the USA, which by 1909–1912 had mature electrical engineering infrastructure, leading vacuum tube development, and strong industrial research labs (AT&T, GE, Westinghouse) capable of supporting this work.",Medium
Fischer-Tropsch coal-to-liquid process,1925,Franz Fischer & Hans Tropsch,Chemical,,1900–1910,1910–1920,"Germany (Kaiser Wilhelm Institute, Mülheim)",Germany; United Kingdom; France; Belgium; United States,ALIGNED,"ALIGNED. The actual invention occurred in Germany, which was also among the most likely locations at the earliest plausible date given its dominant position in industrial chemistry, coal chemistry, and catalysis research from the late 19th century onward.",Medium
Yagi-Uda directional antenna,1926,Shintarō Uda with Hidetsugu Yagi,Electrical,,1905–1910,1910–1915,"Sendai, Japan (Tohoku University)",United Kingdom; Germany; France; United States; Italy,MISMATCH,"MISMATCH. Japan was a plausible but unlikely leader at the earliest plausible date; the dominant RF experimentation centers in 1905–1915 were in Europe and the United States, where Marconi, Braun, and their contemporaries had dense workshop infrastructure and institutional backing.",Medium
Liquid fueled rocket launch,1926,Robert Goddard,Mechanical,Chemical,1908–1912,1915–1920,"Auburn, Massachusetts, USA",USA; Germany; UK; France,ALIGNED,"ALIGNED. The USA had strong industrial capacity for precision machining, cryogenic gas supply (industrial LOX became available ~1895–1900), and a culture of empirical engineering; Goddard's actual location matches the most plausible geography.",Medium
Three-point hitch,1926,Harry Ferguson,Mechanical,,1895–1905,1910–1920,Ireland/UK,United Kingdom; United States; Germany; France,ALIGNED,"ALIGNED. The UK had the engineering base, agricultural machinery industry, and hydraulic engineering tradition needed to develop this system; Ireland/UK is entirely consistent with the earliest plausible locations.",Medium
First public live-image television demo,1926,John Logie baird,Mechanical,,1910–1912,1912–1918,"London, England",United Kingdom; Germany; United States; France,ALIGNED,"ALIGNED. The actual invention occurred in London, which was among the leading centers for electrical engineering and vacuum tube development in the early twentieth century; the UK, Germany, France, and the US all had the requisite industrial and knowledge infrastructure by the earliest plausible window.",Medium
Quartz Clock,1927,Warren Marrison & J. W. Horton,Other,,1922–1925,1925–1928,"New York, USA","USA (Bell Labs, GE, Western Electric); UK (NPL, Marconi); Germany (PTR, Telefunken)",ALIGNED,"ALIGNED. The invention required advanced vacuum tube electronics, precision machining, and institutional radio/telecom research infrastructure — all concentrated in the same USA/UK/Germany triangle that actually produced it. No geographic mismatch.",High
Discovery of penicillin's antibiotic action,1928,Alexander Fleming,Medical,,Flag,Flag,"London, England",Flag,Flag,Flag,Flag
Turbojet,1928,Frank Whittle,Mechanical,,1908–1915,1918–1925,England,United Kingdom; Germany; France; United States,ALIGNED,"ALIGNED. Britain had the leading steam turbine industry (Parsons), strong precision engineering workshops, and military aviation incentive post-WWI; the actual invention occurred there as expected.",Medium
First practical all-electric television,1928,Philo Farnsworth,Electronic,,1910–1915,1920–1925,"San Francisco, California, USA",United Kingdom; Germany; USA,ALIGNED,"ALIGNED. The USA had the industrial infrastructure, vacuum tube expertise, and entrepreneurial culture to support this work by the 1920s; Germany and UK were equally plausible given their leadership in cathode ray tube and vacuum tube development.",Medium
Recirculating ball screw,1929,Rudolph G. Boehm,Mechanical,,1895–1905,1910–1920,USA,USA; UK; Germany; France,ALIGNED,"ALIGNED. The USA, UK, and Germany all had mature precision machine tool industries and ball bearing manufacturing by the mid-1890s; the actual invention in the USA is consistent with this distribution.",Medium
Phase-contrast microscopy,1930,Frits Zernike,Other,,1880–1890,1895–1905,Netherlands (Groningen),Germany; United Kingdom; France; Austria,MISMATCH,"MISMATCH. The earliest plausible window aligns with German and British optical industries (Zeiss, Abbe's Jena), not the Netherlands; Zernike's actual location was peripheral to the major optical manufacturing centers.",Medium
Electron microscope,1931,"Ernst Ruska, with Max Knoll",Electronic,,1927–1930,1930–1935,"Berlin, Germany",Germany; United Kingdom; United States; France,ALIGNED,ALIGNED. Berlin was the global center of electron physics and vacuum tube engineering in the late 1920s; the actual invention occurred exactly where conditions were most favorable.,High
FM Radio,1933,Edwin Armstrong,Electrical,,1928–1932,1931–1934,"New York, USA",USA; Germany; UK,ALIGNED,ALIGNED. The USA led in radio engineering and commercial radio infrastructure in the late 1920s–early 1930s.,Medium
Lightweight folding wheelchair,1933,Harry C. Jennings Sr. & Herbert Everest,Mechanical,,1893–1898,1900–1910,USA,USA; UK; Germany; France,ALIGNED,ALIGNED. All four nations had mature bicycle industries and thin-wall steel tubing by the mid-1890s.,High
Nylon synthetic fiber,1935,Wallace Carothers,Chemical,,1924–1928,1928–1933,"Wilmington, Delaware, USA (DuPont)",Germany; United Kingdom; United States; Switzerland,ALIGNED,ALIGNED. The actual invention in the USA at a well-resourced industrial lab is consistent with the earliest plausible window that also favors Germany and the UK.,Medium
Programmable computer,1938,Konrad Zuse,Mechanical,,1880–1890,1900–1910,"Berlin, Germany",United Kingdom; United States; Germany,ALIGNED,"ALIGNED. Germany (Berlin) is among the plausible locations alongside the UK and USA, which had stronger concentrations of relay-switching engineering and mechanical computing heritage (Babbage legacy); since the actual invention occurred in Germany and Germany is listed as a plausible site, the entry is ALIGNED.",Medium
Nuclear fission,1938,"Otto Hahn, Fritz Strassmann; Lise Meitner & Otto Frisch",Chemical,,Flag,Flag,"Berlin, Germany / Stockholm, Sweden",Flag,Flag,Flag,Flag
Defibrilator,1939,Naum Gurvich,Electrical,,1902–1910,1910–1920,"Moscow, USSR",Germany; United Kingdom; France; United States,MISMATCH,"MISMATCH. The binding prerequisites (Prevost-Batelli 1899, Einthoven ECG 1903) were available in Western European and American research centers by 1905; the actual invention occurred in the USSR in 1939.",High
Plutonium isolation,1940,"Glenn T. Seaborg, Arthur Wahl & Joseph Kennedy",Chemical,,1938–1940,1939–1941,"Berkeley, California, USA","USA (Berkeley, Chicago); UK (Cavendish); Germany (Kaiser Wilhelm Institute); France (Paris)",ALIGNED,ALIGNED. Berkeley had the most advanced cyclotron infrastructure; other plausible sites had comparable nuclear physics programs.,Medium
Cavity Magnetron,1940,John Randall & Harry Boot,Electrical,,1922–1926,1926–1930,"Birmingham, England",USA; Germany; UK,ALIGNED,"ALIGNED. UK, USA, and Germany all had comparable vacuum tube and precision machining capability in the mid-1920s.",Medium
PET Fiber,1941,John R. Whinfield & James T. Dickson,Chemical,,1936–1938,1938–1941,"England (Accrington, ICI)",United Kingdom; United States; Germany,ALIGNED,"ALIGNED. England, the USA, and Germany were all leading centers of industrial polymer chemistry in the late 1930s.",High
V-2 (A-4) long-range ballistic missile,1942,Wernher von Braun with the Peenemünde Army Research Center,Mechanical,,1933–1938,1938–1945,"Peenemünde, Germany",Germany; United States; Soviet Union; United Kingdom,ALIGNED,ALIGNED. Germany led due to institutional funding and coordination; US (Goddard) and Soviet Union (GIRD) had credible parallel programs.,Medium
Influenza vaccine,1944,Thomas Francis Jr. & Jonas Salk,,,1936–1938,1938–1940,"Ann Arbor, Michigan, USA","United Kingdom (MRC); USA (Rockefeller Institute, U Michigan); Australia (Walter and Eliza Hall Institute)",ALIGNED,"ALIGNED. The USA was among best-positioned locations given strong institutional infrastructure, wartime funding, and access to Burnet's egg-culture methodology.",High
Atomic bomb,1945,Manhattan Project team,Chemical,,Flag,Flag,"Los Alamos, New Mexico, USA",Flag,Flag,Flag,Flag
Microwave oven,1945,Percy Spencer,Electrical,,1941–1943,1943–1946,"Cambridge, Massachusetts, USA",United Kingdom; United States; Germany,ALIGNED,ALIGNED. The cavity magnetron was developed in the UK (1940) and shared with the US via the Tizard Mission; both nations had the technical infrastructure and wartime radar programs to support directed microwave-heating research by 1941–1943.,Medium
Radiocarbon dating,1946,Willard Libby,Other,,1943–1946,1946–1950,"Chicago, Illinois, USA",USA; UK; Canada,ALIGNED,"ALIGNED. The combination of cyclotron infrastructure, Manhattan Project-era isotope research, and concentrated nuclear physics expertise made the USA — and specifically wartime/postwar Chicago — the near-exclusive plausible site at this date.",Medium
Ejector seat,1946,James Marti,Mechanical,,1918–1922,1935–1940,England,United Kingdom; Germany; France; United States,ALIGNED,ALIGNED. The UK was a leading aviation and ordnance engineering nation; Martin-Baker's eventual solution drew on precisely the industrial and military expertise concentrated there and in peer nations.,Medium
Holography,1947,Dennis Gabor,Other,,1895–1905,1910–1920,"Rugby, England (British Thomson-Houston)",Germany; France; United Kingdom,ALIGNED,"ALIGNED. United Kingdom is among the listed plausible locations, though the leading centers for precision optics and wave optics theory in 1895–1905 were Germany (Zeiss/Abbe) and France (Lippmann's Paris lab); Germany or France would have been the most probable independent discovery sites, but England remains a plausible location.",Medium
Hydraulic fracturing,1947,"Floyd Farris & J. B. Clark, Stanolind",,,1895–1905,1910–1920,"Kansas, USA (Hugoton gas field)","USA (Pennsylvania, Ohio, West Virginia oil regions); Romania; Russia (Baku region)",ALIGNED,"ALIGNED. The invention emerged in the USA, which by the 1890s–1900s had the world's most developed petroleum industry, the highest concentration of well-drilling expertise, and mature high-pressure pump technology — precisely the conditions required for earliest plausible development.",Medium
Transistor,1947,John Bardeen & Walter Brattain; theory by William Shockley,Electronic,,1944–1946,1946–1948,"Murray Hill, New Jersey, USA (Bell Labs)",USA; UK; Germany,ALIGNED,"ALIGNED. The actual invention occurred at Bell Labs, USA, which had the deepest concentration of semiconductor expertise, WWII radar germanium purification infrastructure, and institutional support for solid-state research; UK and Germany also had sufficient radar-driven germanium work and band theory knowledge to be plausible alternate sites.",Medium
Atomic clock,1948,Harold Lyons (National Bureau of Standards),Electronic,,1946–1947,1949–1952,"Washington, D.C., USA","USA (NBS, MIT Rad Lab, Columbia University); UK (NPL, Cavendish Laboratory); USSR (academic physics centers)",ALIGNED,"ALIGNED. The actual inventor worked at the U.S. National Bureau of Standards, which sits squarely within the cluster of institutions where all binding prerequisites were concentrated.",Medium
Basic oxygen steelmaking (BOF / LD process),1948,"Robert Durrer; commercialized by VOEST (Linz, Austria)",Chemical,,1928–1932,1935–1940,"Switzerland / Austria (Linz, Donawitz)",Germany; United Kingdom; United States; France; Belgium; Austria; Sweden,ALIGNED,ALIGNED. Austria is among the leading steel-producing nations with deep metallurgical research infrastructure. The actual commercialization site (Linz/Donawitz) is consistent with the possible-locations list.,Medium
Bertie the Brain (interactive electronic game),1950,Josef Kates (Canadian National Exhibition),Electrical,,1845–1855,1905–1920,"Toronto, Ontario, Canada","United Kingdom (London, Birmingham); France (Paris); USA (Boston, New York, Philadelphia); Prussia/German states (Berlin, Hamburg)",MISMATCH,"MISMATCH. At the earliest plausible date (~1845–1855), the prerequisite relay manufacturing and electrical instrument-making ecosystem was concentrated in the UK, northeastern USA, France, and the German states. Canada had a nascent telegraph network by 1847 but lacked the dense layer of relay manufacturers and electrical workshop infrastructure needed to pursue this project independently.",Medium
Tokamak fusion reactor concept,1950,Igor Tamm & Andrei Sakharov,Other,,1944–1948,1948–1953,"Moscow, USSR","USSR (Moscow — Kurchatov Institute, FIAN); USA (Princeton, Los Alamos, Berkeley); United Kingdom (Harwell, AERE); Sweden (Royal Institute of Technology — Alfvén's group)",ALIGNED,"ALIGNED. The USSR was among the very small set of locations capable of this synthesis at the earliest plausible date, requiring simultaneous access to thermonuclear cross-section knowledge, Alfvén's MHD framework, and a motivated institutional program. Only national nuclear-weapons programs (USSR, USA, UK) and Alfvén's Swedish group had the necessary combination.",Medium
Float glass process,1952,Alastair Pilkington (Pilkington Brothers),Chemical,,1918–1925,1930–1945,"St Helens, Lancashire, UK","UK (St Helens/Lancashire glass district); Germany (Rhineland glass and chemical industry); Belgium (Charleroi/Liège glass region); France (Saint-Gobain); USA (Toledo, Ohio; Pittsburgh, Pennsylvania)",ALIGNED,"ALIGNED. UK (St Helens/Lancashire glass district) appears in the possible-locations list and was indeed a leading candidate. The process could equally have emerged from Germany, Belgium, France, or US glass districts, all with equivalent glass-furnace technology, industrial gas supply, and access to refined tin by the 1920s.",Medium
Thermonuclear weapon (hydrogen bomb),1952,Edward Teller & Stanislaw Ulam,Chemical,,Flag,Flag,Eniwetok Atoll / USA,Flag,Flag,Flag,Flag
Helical scan video tape recorder (VTR),1953,Norikazu Sawazaki (Toshiba); Eduard Schüller (AEG),Electronic,,1947–1950,1950–1955,"Tokyo, Japan (Toshiba) / AEG, Germany","USA (RCA Princeton labs, Ampex Redwood City, Bell Labs); UK (BBC Research Department, Marconi); Germany (AEG, BASF); Japan (Toshiba, NHK technical laboratories)",ALIGNED,"ALIGNED. Japan (Toshiba, NHK technical laboratories) and Germany (AEG, BASF) both appear in the possible-locations list. The co-invention in Japan and Germany reflects specific institutional choices; the USA had the deepest concentration of relevant wideband electronics expertise but did not pursue it commercially at that time.",Medium
Silicon solar photovoltaic cell,1954,"Calvin Fuller, Daryl Chapin & Gerald Pearson (Bell Labs)",Electronic,,1951–1953,1953–1956,"Murray Hill, New Jersey, USA","USA (Bell Labs or comparable industrial research lab); UK (GEC, TRE); Germany (Siemens research); USSR (academic semiconductor groups)",ALIGNED,"ALIGNED. The USA had the densest concentration of semiconductor expertise post-WWII, and Bell Labs in particular had the transistor program infrastructure that made this convergence near-inevitable.",High
Hovercraft (air-cushion vehicle),1955,Christopher Cockerell,Mechanical,,1870–1880,1890–1900,"Somerleyton, Suffolk, England",United Kingdom; United States; France; Germany; Belgium,ALIGNED,"ALIGNED. England is within the UK, which appears in the possible-locations list.",Medium
Intermodal shipping container,1956,Malcolm McLean (Pan-Atlantic Steamship),Mechanical,,1830–1845,1890–1910,"Newark, New Jersey, USA","United Kingdom (Liverpool, London, Glasgow); Belgium (Antwerp); United States (New York, Baltimore, Boston)",ALIGNED,"ALIGNED. United States appears in the possible-locations list. The earliest plausible window (1830–1845) most favored British and Belgian port cities, but the actual location in the USA is ALIGNED since USA appears in the list.",Medium
Hard disk drive (random-access magnetic disk storage),1956,Reynold B. Johnson and team (IBM San Jose),Electronic,,1952–1954,1954–1956,"San Jose, California, USA","USA (San Jose, Boston/MIT area, Bell Labs NJ); UK (National Physical Laboratory, Ferranti Manchester); Germany (Telefunken Berlin)",ALIGNED,ALIGNED. IBM San Jose is within the identified cluster of plausible locations.,Medium
Logic Theorist (first AI program / automated theorem prover),1956,"Allen Newell, Herbert Simon & Cliff Shaw (Carnegie Mellon / RAND)",Electronic,,1952–1954,1954–1956,"Pittsburgh, PA / Santa Monica, CA, USA","USA (Princeton IAS, MIT, RAND, Bell Labs); UK (University of Manchester, Cambridge)",ALIGNED,"ALIGNED. The actual location (CMU/RAND, USA) is within the plausible set.",Medium
Laser / optical amplifier concept (theoretical proposal),1958,Gordon Gould; Arthur Schawlow & Charles Townes (Columbia/Bell Labs),Other,,1930–1935,1940–1950,"New York, USA (Columbia University)","Germany (Berlin, Munich, Jena optics and physics institutes); USA (Columbia, MIT, Bell Labs); USSR (Moscow/Leningrad — Ioffe Institute, Vavilov fluorescence group); UK (Cambridge Cavendish Laboratory); France (Paris — optical tradition)",ALIGNED,"ALIGNED. USA (Columbia, MIT, Bell Labs) appears in the possible-locations list, and the actual location (Columbia University, New York) is explicitly named. Germany was arguably the best-positioned location in 1930–1935, but the actual origin in the USA is ALIGNED per the rubric.",Medium
IBM 610 Auto-Point Computer (early personal computer),1957,"IBM Research, Endicott, New York (John W. Lentz, designer)",Electronic,,1948–1950,1951–1953,"Endicott, New York, USA","USA (MIT, Bell Labs, RCA, IBM); UK (Cambridge, Manchester, NPL); France (Paris — Bull/CNRS); Germany (Göttingen — limited postwar); Sweden (KTH Stockholm)",ALIGNED,"ALIGNED. Endicott, NY is within the US industrial-academic complex that dominates the earliest plausible list.",Medium
Sputnik artificial satellite,1957,USSR (Korolev and team / OKB-1),Other,,1948–1952,1952–1955,"Baikonur, USSR (Kazakh SSR)","USSR (Moscow — OKB-1/Korolev, Kapustin Yar test site); USA (Huntsville AL — Redstone Arsenal/von Braun team, White Sands NM); UK (Royal Aircraft Establishment Farnborough); Germany (reconstituted Peenemünde team)",ALIGNED,ALIGNED. The USSR is in the possible-locations list. Both the USSR and USA are equally strong candidates at the earliest plausible date — each had captured V-2 hardware and personnel. The Soviet program launched first due to strong state prioritization and the pre-war GIRD/Korolev rocketry tradition.,Medium
Integrated circuit,1958,Jack Kilby (Texas Instruments); Robert Noyce (Fairchild Semiconductor),Electronic,,1957–1958,1959–1961,Dallas TX (Kilby/TI); Mountain View CA (Noyce/Fairchild),USA (Bell Labs Murray Hill NJ; Texas Instruments Dallas TX; Fairchild Semiconductor Mountain View CA; RCA Princeton NJ; Motorola Phoenix AZ); UK (Standard Telephones & Cables London; Mullard/Philips); Germany (Siemens Munich; Telefunken Berlin),ALIGNED,"ALIGNED. Both actual invention sites (TI Dallas and Fairchild Mountain View) are within the USA cluster, which leads due to its dominance in transistor technology, photolithography, and diffusion doping through the late 1950s.",High
MOSFET transistor,1959,"Mohamed Atalla & Dawon Kahng (Bell Labs, Murray Hill NJ)",Electronic,,1958–1960,1959–1961,"Murray Hill, New Jersey, USA (Bell Labs)",USA (Bell Labs Murray Hill NJ; RCA Princeton NJ); Germany (Siemens Munich); Netherlands (Philips Eindhoven),ALIGNED,"ALIGNED. Murray Hill NJ (Bell Labs) appears in the possible-locations list. Bell Labs was the uniquely positioned institution holding thermal SiO2 expertise, silicon crystal growth, photolithography, JFET theory, and surface physics knowledge simultaneously.",High
First working laser (pulsed ruby laser),1960,"Theodore Maiman (Hughes Research Laboratories, Malibu CA)",Electronic,,1956–1958,1959–1961,"Malibu, California, USA (Hughes Research Laboratories)",USA (Bell Labs Murray Hill NJ; Columbia University NYC; MIT Cambridge MA; Hughes Research Labs Malibu CA; Westinghouse); USSR (Lebedev Physical Institute Moscow); UK (NPL Teddington; Clarendon Laboratory Oxford); Germany (university physics labs),ALIGNED,"ALIGNED. The USA (Hughes Research Labs, Malibu CA) is in the possible-locations list. The USA had the densest concentration of relevant capabilities: Bell Labs (maser tradition, mirror coatings), Columbia (Townes' maser group), and Linde/Union Carbide (synthetic ruby supply).",Medium
Electronic cigarette (e-cigarette),1963,"Herbert A. Gilbert (Beaver Falls, Pennsylvania, USA)",Electrical,,1900–1910,1920–1930,"Beaver Falls, Pennsylvania, USA","United Kingdom (London, Birmingham — electrical instrument trade); Germany (Berlin, Munich — precision engineering); United States (New York, New Jersey, Massachusetts — electrical manufacturing); France (Paris — instrument trade)",ALIGNED,ALIGNED. The United States appears in the possible-locations list. The 1963 actual date represents a ~40-year demand gap from earliest plausible; no technical barrier existed beyond the demand for such a device.,High
Shinkansen high-speed rail system,1964,Japanese National Railways (JNR); chief engineer Hideo Shima; champion Shinji Sogō,Mechanical,,Flag,Flag,Japan (Tokyo–Osaka corridor),Flag,Flag,"Flag. Category (c): fundamentally social/organizational. The Shinkansen is a 515 km national public transport infrastructure system requiring national-scale land acquisition, World Bank financing, legislative authorization, and operational machinery that no small workshop team can provide. Individual component technologies (EMU trains, welded rail, ATC) were mature by the 1940s–1950s; the binding constraint is organizational and political, not technical.",Flag
"Kevlar (poly-paraphenylene terephthalamide, PPD-T)",1965,"Stephanie Kwolek (DuPont Experimental Station, Wilmington DE)",Chemical,,1957–1962,1962–1966,"Wilmington, Delaware, USA (DuPont Experimental Station)","USA (DuPont Wilmington DE; Celanese; Monsanto; 3M); Germany (BASF, Bayer, Hoechst — IG Farben successor firms); UK (ICI, Courtaulds); Switzerland (Ciba)",ALIGNED,"ALIGNED. The USA (DuPont Wilmington DE) is in the possible-locations list. DuPont's unique combination of nylon/polyamide expertise, a systematic fiber research program, and Kwolek's expertise in low-temperature solution polymerization made it a natural leader, but German and UK chemical giants were plausible alternatives.",Medium
Packet-switched networking,1969,Paul Baran (RAND Corp); Donald Davies (NPL UK); BBN Technologies (ARPANET implementation),Electronic,,1955–1962,1960–1965,USA (RAND Corp Santa Monica CA; BBN Cambridge MA); independently UK (NPL Teddington),"USA (Bell Labs Murray Hill NJ; MIT Cambridge MA; IBM research; RAND Santa Monica CA; military computing centers); UK (NPL Teddington; University of Manchester; Cambridge); USSR (computing institutes Moscow/Leningrad); France (Institut Blaise Pascal Paris); West Germany (Munich, Göttingen academic computing, post-1955)",ALIGNED,ALIGNED. Both actual invention sites (USA and UK) are the top-tier locations in the possible-locations list. The USA led the ARPANET implementation due to its large installed base of research computers and defense funding; the UK's NPL was a co-equal intellectual birthplace of the concept.,Medium
